{
  "baseline": {
    "p_57": 0.0065,
    "p_30": 0.2969,
    "p_20": 0.8403,
    "median": 25,
    "p95": 43,
    "mean_play_days": 180.0,
    "ci_95": [
      0.004924941512197086,
      0.008075058487802912
    ]
  },
  "current": {
    "p_57": 0.0094,
    "p_30": 0.4122,
    "p_20": 0.9285,
    "median": 28,
    "p95": 46,
    "mean_play_days": 180.0,
    "ci_95": [
      0.007508661949201042,
      0.011291338050798959
    ]
  },
  "skip-conservative": {
    "p_57": 0.0147,
    "p_30": 0.4574,
    "p_20": 0.942,
    "median": 29,
    "p95": 48,
    "mean_play_days": 166.7984,
    "ci_95": [
      0.012341157303761015,
      0.017058842696238984
    ]
  },
  "skip-aggressive": {
    "p_57": 0.0143,
    "p_30": 0.3986,
    "p_20": 0.8833,
    "median": 27,
    "p95": 47,
    "mean_play_days": 81.8629,
    "ci_95": [
      0.011972999544134123,
      0.016627000455865876
    ]
  },
  "sprint": {
    "p_57": 0.0076,
    "p_30": 0.41,
    "p_20": 0.9415,
    "median": 28,
    "p95": 44,
    "mean_play_days": 180.0,
    "ci_95": [
      0.005897817013831944,
      0.009302182986168056
    ]
  },
  "streak-aware": {
    "p_57": 0.0182,
    "p_30": 0.4676,
    "p_20": 0.9464,
    "median": 29,
    "p95": 48,
    "mean_play_days": 177.1929,
    "ci_95": [
      0.015579988007355692,
      0.02082001199264431
    ]
  },
  "combined": {
    "p_57": 0.0182,
    "p_30": 0.4676,
    "p_20": 0.9464,
    "median": 29,
    "p95": 48,
    "mean_play_days": 177.1929,
    "ci_95": [
      0.015579988007355692,
      0.02082001199264431
    ]
  }
}